{
  "TMS-16 only": {
    "n_features": 16,
    "accuracy": 0.6033945943251008,
    "accuracy_ci": 0.022297342654059277,
    "lying_recall": 0.4065934065934066,
    "kappa": 0.2952571134890527,
    "macro_f1": 0.45525026960376813,
    "per_class": {
      "lying_down": {
        "p": 0.242,
        "r": 0.407,
        "f1": 0.303
      },
      "stationary": {
        "p": 0.697,
        "r": 0.68,
        "f1": 0.689
      },
      "walking": {
        "p": 0.557,
        "r": 0.542,
        "f1": 0.55
      },
      "running": {
        "p": 0.274,
        "r": 0.286,
        "f1": 0.279
      }
    },
    "confusion": [
      [
        37,
        41,
        11,
        2
      ],
      [
        67,
        1057,
        403,
        27
      ],
      [
        44,
        393,
        584,
        56
      ],
      [
        5,
        25,
        50,
        32
      ]
    ]
  },
  "SCTE only": {
    "n_features": 32,
    "accuracy": 0.45130405519098094,
    "accuracy_ci": 0.02144640423586065,
    "lying_recall": 0.4835164835164835,
    "kappa": 0.0915518841835693,
    "macro_f1": 0.33315955656768503,
    "per_class": {
      "lying_down": {
        "p": 0.206,
        "r": 0.484,
        "f1": 0.289
      },
      "stationary": {
        "p": 0.595,
        "r": 0.526,
        "f1": 0.559
      },
      "walking": {
        "p": 0.434,
        "r": 0.37,
        "f1": 0.399
      },
      "running": {
        "p": 0.058,
        "r": 0.17,
        "f1": 0.086
      }
    },
    "confusion": [
      [
        44,
        26,
        10,
        11
      ],
      [
        101,
        818,
        469,
        166
      ],
      [
        61,
        486,
        398,
        132
      ],
      [
        8,
        45,
        40,
        19
      ]
    ]
  },
  "TrajMAE-CLS only": {
    "n_features": 64,
    "accuracy": 0.5571740173624743,
    "accuracy_ci": 0.04359712100885243,
    "lying_recall": 0.06593406593406594,
    "kappa": 0.20834817215406254,
    "macro_f1": 0.3517408773453047,
    "per_class": {
      "lying_down": {
        "p": 0.047,
        "r": 0.066,
        "f1": 0.055
      },
      "stationary": {
        "p": 0.656,
        "r": 0.662,
        "f1": 0.659
      },
      "walking": {
        "p": 0.52,
        "r": 0.484,
        "f1": 0.501
      },
      "running": {
        "p": 0.174,
        "r": 0.214,
        "f1": 0.192
      }
    },
    "confusion": [
      [
        6,
        55,
        26,
        4
      ],
      [
        70,
        1028,
        404,
        52
      ],
      [
        47,
        451,
        521,
        58
      ],
      [
        6,
        32,
        50,
        24
      ]
    ]
  },
  "TMS-16 + SCTE": {
    "n_features": 48,
    "accuracy": 0.5878612248459127,
    "accuracy_ci": 0.016189257924171942,
    "lying_recall": 0.4945054945054945,
    "kappa": 0.26017476718085386,
    "macro_f1": 0.45931276464657056,
    "per_class": {
      "lying_down": {
        "p": 0.363,
        "r": 0.495,
        "f1": 0.419
      },
      "stationary": {
        "p": 0.68,
        "r": 0.677,
        "f1": 0.678
      },
      "walking": {
        "p": 0.519,
        "r": 0.504,
        "f1": 0.511
      },
      "running": {
        "p": 0.226,
        "r": 0.232,
        "f1": 0.229
      }
    },
    "confusion": [
      [
        45,
        26,
        18,
        2
      ],
      [
        46,
        1052,
        433,
        23
      ],
      [
        30,
        440,
        543,
        64
      ],
      [
        3,
        30,
        53,
        26
      ]
    ]
  },
  "TMS-16 + TrajMAE": {
    "n_features": 80,
    "accuracy": 0.6210400034899447,
    "accuracy_ci": 0.04294743219300681,
    "lying_recall": 0.25274725274725274,
    "kappa": 0.30716853832837676,
    "macro_f1": 0.44766028272686487,
    "per_class": {
      "lying_down": {
        "p": 0.245,
        "r": 0.253,
        "f1": 0.249
      },
      "stationary": {
        "p": 0.695,
        "r": 0.707,
        "f1": 0.701
      },
      "walking": {
        "p": 0.566,
        "r": 0.568,
        "f1": 0.567
      },
      "running": {
        "p": 0.333,
        "r": 0.232,
        "f1": 0.274
      }
    },
    "confusion": [
      [
        23,
        50,
        13,
        5
      ],
      [
        48,
        1099,
        395,
        12
      ],
      [
        21,
        409,
        612,
        35
      ],
      [
        2,
        23,
        61,
        26
      ]
    ]
  },
  "SCTE + TrajMAE": {
    "n_features": 96,
    "accuracy": 0.5673970622144945,
    "accuracy_ci": 0.022565104738844634,
    "lying_recall": 0.43956043956043955,
    "kappa": 0.2242592194018026,
    "macro_f1": 0.4247006485786188,
    "per_class": {
      "lying_down": {
        "p": 0.339,
        "r": 0.44,
        "f1": 0.383
      },
      "stationary": {
        "p": 0.654,
        "r": 0.654,
        "f1": 0.654
      },
      "walking": {
        "p": 0.517,
        "r": 0.494,
        "f1": 0.505
      },
      "running": {
        "p": 0.146,
        "r": 0.17,
        "f1": 0.157
      }
    },
    "confusion": [
      [
        40,
        32,
        15,
        4
      ],
      [
        59,
        1017,
        430,
        48
      ],
      [
        14,
        472,
        532,
        59
      ],
      [
        5,
        35,
        53,
        19
      ]
    ]
  },
  "TMS-16+SCTE+TrajMAE": {
    "n_features": 112,
    "accuracy": 0.6224509382342127,
    "accuracy_ci": 0.03151376376358179,
    "lying_recall": 0.43956043956043955,
    "kappa": 0.30850496163048324,
    "macro_f1": 0.47497240011367736,
    "per_class": {
      "lying_down": {
        "p": 0.37,
        "r": 0.44,
        "f1": 0.402
      },
      "stationary": {
        "p": 0.695,
        "r": 0.707,
        "f1": 0.701
      },
      "walking": {
        "p": 0.556,
        "r": 0.562,
        "f1": 0.559
      },
      "running": {
        "p": 0.357,
        "r": 0.179,
        "f1": 0.238
      }
    },
    "confusion": [
      [
        40,
        31,
        18,
        2
      ],
      [
        46,
        1099,
        403,
        6
      ],
      [
        19,
        425,
        605,
        28
      ],
      [
        3,
        27,
        62,
        20
      ]
    ]
  }
}