{
  "TMS-16+RF": {
    "accuracy": 0.6033874382498235,
    "lying_recall": 0.4065934065934066,
    "kappa": 0.2952571134890527,
    "macro_f1": 0.45525026960376813,
    "is_ensemble": false,
    "per_class": {
      "lying_down": {
        "precision": 0.24183006535947713,
        "recall": 0.4065934065934066,
        "f1": 0.30327868852459017
      },
      "stationary": {
        "precision": 0.6972295514511874,
        "recall": 0.6801801801801802,
        "f1": 0.6885993485342019
      },
      "walking": {
        "precision": 0.5572519083969466,
        "recall": 0.542246982358403,
        "f1": 0.5496470588235294
      },
      "running": {
        "precision": 0.27350427350427353,
        "recall": 0.2857142857142857,
        "f1": 0.2794759825327511
      }
    }
  },
  "SCTE+Lin": {
    "accuracy": 0.5596330275229358,
    "lying_recall": 0.01098901098901099,
    "kappa": 0.08396647629427278,
    "macro_f1": 0.2524847969836565,
    "is_ensemble": false,
    "per_class": {
      "lying_down": {
        "precision": 0.125,
        "recall": 0.01098901098901099,
        "f1": 0.020202020202020204
      },
      "stationary": {
        "precision": 0.5743329097839899,
        "recall": 0.8725868725868726,
        "f1": 0.69272030651341
      },
      "walking": {
        "precision": 0.4924731182795699,
        "recall": 0.21262766945218198,
        "f1": 0.29701686121919585
      },
      "running": {
        "precision": 0.0,
        "recall": 0.0,
        "f1": 0.0
      }
    }
  },
  "TrajMAE": {
    "accuracy": 0.033168666196189134,
    "lying_recall": 0.9230769230769231,
    "kappa": -0.0013269081235403046,
    "macro_f1": 0.030822486577335256,
    "is_ensemble": false,
    "per_class": {
      "lying_down": {
        "precision": 0.03116883116883117,
        "recall": 0.9230769230769231,
        "f1": 0.06030150753768844
      },
      "stationary": {
        "precision": 0.2222222222222222,
        "recall": 0.001287001287001287,
        "f1": 0.0025591810620601407
      },
      "walking": {
        "precision": 0.3333333333333333,
        "recall": 0.0009285051067780873,
        "f1": 0.001851851851851852
      },
      "running": {
        "precision": 0.05511811023622047,
        "recall": 0.0625,
        "f1": 0.058577405857740586
      }
    }
  },
  "Majority": {
    "accuracy": 0.6033874382498235,
    "lying_recall": 0.4065934065934066,
    "kappa": 0.29556772038332035,
    "macro_f1": 0.4547652764165654,
    "is_ensemble": true,
    "per_class": {
      "lying_down": {
        "precision": 0.23717948717948717,
        "recall": 0.4065934065934066,
        "f1": 0.29959514170040485
      },
      "stationary": {
        "precision": 0.6972295514511874,
        "recall": 0.6801801801801802,
        "f1": 0.6885993485342019
      },
      "walking": {
        "precision": 0.5583173996175909,
        "recall": 0.542246982358403,
        "f1": 0.5501648610456901
      },
      "running": {
        "precision": 0.27586206896551724,
        "recall": 0.2857142857142857,
        "f1": 0.2807017543859649
      }
    }
  },
  "SoftAvg": {
    "accuracy": 0.6270289343683839,
    "lying_recall": 0.23076923076923078,
    "kappa": 0.2646478185196913,
    "macro_f1": 0.42594309447384865,
    "is_ensemble": true,
    "per_class": {
      "lying_down": {
        "precision": 0.3888888888888889,
        "recall": 0.23076923076923078,
        "f1": 0.2896551724137931
      },
      "stationary": {
        "precision": 0.6380397865114023,
        "recall": 0.8462033462033463,
        "f1": 0.7275242047026279
      },
      "walking": {
        "precision": 0.6152737752161384,
        "recall": 0.39647168059424326,
        "f1": 0.48221343873517786
      },
      "running": {
        "precision": 0.56,
        "recall": 0.125,
        "f1": 0.20437956204379562
      }
    }
  },
  "WeightedAvg": {
    "accuracy": 0.6323218066337333,
    "lying_recall": 0.1978021978021978,
    "kappa": 0.28178130168304305,
    "macro_f1": 0.4248832363428149,
    "is_ensemble": true,
    "per_class": {
      "lying_down": {
        "precision": 0.375,
        "recall": 0.1978021978021978,
        "f1": 0.2589928057553957
      },
      "stationary": {
        "precision": 0.6507856056766346,
        "recall": 0.8262548262548263,
        "f1": 0.7280975333144315
      },
      "walking": {
        "precision": 0.6055979643765903,
        "recall": 0.44196843082636955,
        "f1": 0.511003757380569
      },
      "running": {
        "precision": 0.5185185185185185,
        "recall": 0.125,
        "f1": 0.2014388489208633
      }
    }
  },
  "Stacking": {
    "accuracy": 0.6224417784050812,
    "lying_recall": 0.23076923076923078,
    "kappa": 0.30083564110894057,
    "macro_f1": 0.4358164625571311,
    "is_ensemble": true,
    "per_class": {
      "lying_down": {
        "precision": 0.3088235294117647,
        "recall": 0.23076923076923078,
        "f1": 0.2641509433962264
      },
      "stationary": {
        "precision": 0.692938209331652,
        "recall": 0.7072072072072072,
        "f1": 0.7
      },
      "walking": {
        "precision": 0.5543766578249337,
        "recall": 0.5821727019498607,
        "f1": 0.5679347826086957
      },
      "running": {
        "precision": 0.3469387755102041,
        "recall": 0.15178571428571427,
        "f1": 0.2111801242236025
      }
    }
  },
  "ConfGated": {
    "accuracy": 0.6044460127028934,
    "lying_recall": 0.23076923076923078,
    "kappa": 0.218288075900697,
    "macro_f1": 0.4089121694383905,
    "is_ensemble": true,
    "per_class": {
      "lying_down": {
        "precision": 0.3387096774193548,
        "recall": 0.23076923076923078,
        "f1": 0.27450980392156865
      },
      "stationary": {
        "precision": 0.6176194939081537,
        "recall": 0.8481338481338482,
        "f1": 0.7147505422993492
      },
      "walking": {
        "precision": 0.6,
        "recall": 0.33147632311977715,
        "f1": 0.4270334928229665
      },
      "running": {
        "precision": 0.3953488372093023,
        "recall": 0.15178571428571427,
        "f1": 0.21935483870967742
      }
    }
  },
  "_summary": {
    "best_individual": "TMS-16+RF",
    "best_ensemble": "WeightedAvg",
    "improvement_pp": 2.8934368383909725
  }
}