{
  "raw": {
    "mean_recall": 0.06324244751664107,
    "bins": {
      "<50px": 0.08152173913043478,
      "50-75px": 0.0,
      "75-100px": 0.0,
      ">100px": 0
    },
    "bin_counts": {
      "<50px": 920,
      "50-75px": 71,
      "75-100px": 17,
      ">100px": 0
    }
  },
  "preprocessed": {
    "mean_recall": 0.016020225294418843,
    "bins": {
      "<50px": 0.017391304347826087,
      "50-75px": 0.0,
      "75-100px": 0.0,
      ">100px": 0
    },
    "bin_counts": {
      "<50px": 920,
      "50-75px": 71,
      "75-100px": 17,
      ">100px": 0
    }
  },
  "paired_ttest": {
    "t_stat": 6.30022224306542,
    "p_value": 2.1152748960417735e-09
  },
  "n_frames": 186
}