{
  "Random": {
    "ndcg": {
      "3": {
        "mean": 0.3957638802135873,
        "ci": 0.027933071440536045
      },
      "5": {
        "mean": 0.44202430159314077,
        "ci": 0.022751111430591022
      },
      "10": {
        "mean": 0.5350531326830757,
        "ci": 0.01997799827280554
      }
    },
    "spearman": {
      "mean": -0.013498852844064919,
      "ci": 0.04691856710194357
    },
    "lying_recall3": {
      "mean": 0.12371134020618557,
      "ci": 0.06552372151482877,
      "n_scenes": 97
    }
  },
  "TMS-12 only": {
    "ndcg": {
      "3": {
        "mean": 0.6933117390499622,
        "ci": 0.04056092169517164
      },
      "5": {
        "mean": 0.7232234787922873,
        "ci": 0.032622362085488577
      },
      "10": {
        "mean": 0.8198074352861863,
        "ci": 0.023571922484024677
      }
    },
    "spearman": {
      "mean": 0.7760759560644078,
      "ci": 0.02512208951381235
    },
    "lying_recall3": {
      "mean": 0.6391752577319587,
      "ci": 0.09557148559545983,
      "n_scenes": 97
    }
  },
  "TCE only": {
    "ndcg": {
      "3": {
        "mean": 0.3896698077876375,
        "ci": 0.03139815996350684
      },
      "5": {
        "mean": 0.44995527345185465,
        "ci": 0.027021989292900617
      },
      "10": {
        "mean": 0.5615021452833343,
        "ci": 0.020903453663675305
      }
    },
    "spearman": {
      "mean": 0.06490386484840018,
      "ci": 0.04653034847038671
    },
    "lying_recall3": {
      "mean": 0.12371134020618557,
      "ci": 0.06552372151482877,
      "n_scenes": 97
    }
  },
  "TMS-12 + TCE": {
    "ndcg": {
      "3": {
        "mean": 0.6605380947947107,
        "ci": 0.037512347617506214
      },
      "5": {
        "mean": 0.6765569940521493,
        "ci": 0.03170565165293798
      },
      "10": {
        "mean": 0.7610139109308637,
        "ci": 0.023836406437142008
      }
    },
    "spearman": {
      "mean": 0.5854830279273384,
      "ci": 0.03190739316363543
    },
    "lying_recall3": {
      "mean": 0.6701030927835051,
      "ci": 0.09356860128205556,
      "n_scenes": 97
    }
  },
  "+ Class Balancing": {
    "ndcg": {
      "3": {
        "mean": 0.6809846238339357,
        "ci": 0.034261604137320996
      },
      "5": {
        "mean": 0.6984224879179324,
        "ci": 0.02710526096317962
      },
      "10": {
        "mean": 0.771890236769738,
        "ci": 0.020926076828476175
      }
    },
    "spearman": {
      "mean": 0.5939946115846307,
      "ci": 0.02863691243757424
    },
    "lying_recall3": {
      "mean": 0.7628865979381443,
      "ci": 0.08464050538069891,
      "n_scenes": 97
    }
  },
  "wilcoxon_ndcg3": {
    "Random vs TMS-12 only": {
      "stat": 314.0,
      "p": 7.298512833150012e-14
    },
    "Random vs TCE only": {
      "stat": 2276.5,
      "p": 0.5974941479396401
    },
    "Random vs TMS-12 + TCE": {
      "stat": 329.5,
      "p": 2.8094974561252527e-13
    },
    "Random vs + Class Balancing": {
      "stat": 199.0,
      "p": 7.24528558832539e-15
    },
    "TMS-12 only vs Random": {
      "stat": 314.0,
      "p": 7.298512833150012e-14
    },
    "TMS-12 only vs TCE only": {
      "stat": 243.0,
      "p": 1.6283362019469382e-14
    },
    "TMS-12 only vs TMS-12 + TCE": {
      "stat": 1482.5,
      "p": 0.03331713986185195
    },
    "TMS-12 only vs + Class Balancing": {
      "stat": 1941.5,
      "p": 0.44176952976901096
    },
    "TCE only vs Random": {
      "stat": 2276.5,
      "p": 0.5974941479396401
    },
    "TCE only vs TMS-12 only": {
      "stat": 243.0,
      "p": 1.6283362019469382e-14
    },
    "TCE only vs TMS-12 + TCE": {
      "stat": 0.0,
      "p": 2.496274435847481e-15
    },
    "TCE only vs + Class Balancing": {
      "stat": 17.0,
      "p": 4.525795356275536e-16
    },
    "TMS-12 + TCE vs Random": {
      "stat": 329.5,
      "p": 2.8094974561252527e-13
    },
    "TMS-12 + TCE vs TMS-12 only": {
      "stat": 1482.5,
      "p": 0.03331713986185195
    },
    "TMS-12 + TCE vs TCE only": {
      "stat": 0.0,
      "p": 2.496274435847481e-15
    },
    "TMS-12 + TCE vs + Class Balancing": {
      "stat": 62.0,
      "p": 0.06293156429177281
    },
    "+ Class Balancing vs Random": {
      "stat": 199.0,
      "p": 7.24528558832539e-15
    },
    "+ Class Balancing vs TMS-12 only": {
      "stat": 1941.5,
      "p": 0.44176952976901096
    },
    "+ Class Balancing vs TCE only": {
      "stat": 17.0,
      "p": 4.525795356275536e-16
    },
    "+ Class Balancing vs TMS-12 + TCE": {
      "stat": 62.0,
      "p": 0.06293156429177281
    }
  }
}