{
  "n_tracks": 2834,
  "n_train": 1981,
  "n_test": 853,
  "n_contrastive_pairs": 600,
  "model_params": 18992,
  "train_time_s": 19.46837306022644,
  "final_infonce": 3.8765419324239097,
  "scte_linear_probe_acc": 0.5650644783118406,
  "tms12_rf_acc": 0.6014067995310668,
  "cross_scale": {
    "median_size_px": 92.07392363127238,
    "large_train_n": 992,
    "small_test_n": 428,
    "scte_cross_scale_acc": 0.6238317757009346,
    "tms12_cross_scale_acc": 0.5420560747663551,
    "delta_pp": 8.177570093457954
  },
  "training_losses": [
    6.8156933254665795,
    6.193505605061849,
    5.862580193413629,
    5.418831242455377,
    5.029003938039144,
    4.808370060390896,
    4.5458442899915905,
    4.501809649997288,
    4.352461179097493,
    4.259463363223606,
    4.184689866171943,
    4.180230405595568,
    4.114925013648139,
    4.06704674826728,
    4.042306370205349,
    4.00545679198371,
    3.999310943815443,
    3.999774005677965,
    3.972952445348104,
    3.969013214111328,
    3.9543042447831898,
    3.955980565812853,
    3.928055074479845,
    3.963881572087606,
    3.916140741772122,
    3.9308949841393366,
    3.9222861660851374,
    3.9092009332444935,
    3.8932946258121066,
    3.885863675011529,
    3.8794567584991455,
    3.9172060754564075,
    3.8835886319478354,
    3.8880464235941568,
    3.8912400669521756,
    3.8632873164282904,
    3.89391819636027,
    3.8887085384792752,
    3.868992487589518,
    3.8759091430240207,
    3.8655038939581976,
    3.885056495666504,
    3.881008572048611,
    3.858566496107313,
    3.858617067337036,
    3.8356794516245523,
    3.8576073911454944,
    3.8713538116878934,
    3.8658612039354114,
    3.8765419324239097
  ]
}