{
  "means_std": {
    "lying_down": [
      0.5857142857142856,
      0.14263719331505895
    ],
    "running": [
      0.5053571428571428,
      0.05644100224742539
    ],
    "walking": [
      0.5081708449396471,
      0.06412105951614988
    ],
    "stationary": [
      0.5045688545688546,
      0.06055067510100399
    ],
    "standing": [
      0.5022433132010354,
      0.05928949018138326
    ],
    "sitting": [
      0.5113924050632911,
      0.06361940188926107
    ]
  },
  "ndcg_results": {
    "FLAT": {
      "3": 0.4136490867100827,
      "5": 0.4440599404324469,
      "10": 0.5110695391929027
    },
    "RANDOM": {
      "3": 0.43861949340849354,
      "5": 0.4743546128380695,
      "10": 0.55186685433281
    },
    "TCE": {
      "3": 0.4670995020859838,
      "5": 0.4867766026998156,
      "10": 0.5543724676077475
    }
  },
  "recall_lying": {
    "FLAT": 0.2962962962962963,
    "RANDOM": 0.1111111111111111,
    "TCE": 0.5555555555555556
  }
}