{
  "classification": {
    "TMS-16, 4-class": {
      "accuracy": 0.6033945943251008,
      "accuracy_ci": 0.022297342654059277,
      "kappa": 0.2952571134890527,
      "macro_f1": 0.45525026960376813,
      "critical_recall": 0.4065934065934066,
      "per_class": {
        "lying_down": {
          "p": 0.242,
          "r": 0.407,
          "f1": 0.303,
          "n": 91
        },
        "stationary": {
          "p": 0.697,
          "r": 0.68,
          "f1": 0.689,
          "n": 1554
        },
        "walking": {
          "p": 0.557,
          "r": 0.542,
          "f1": 0.55,
          "n": 1077
        },
        "running": {
          "p": 0.274,
          "r": 0.286,
          "f1": 0.279,
          "n": 112
        }
      },
      "confusion": [
        [
          37,
          41,
          11,
          2
        ],
        [
          67,
          1057,
          403,
          27
        ],
        [
          44,
          393,
          584,
          56
        ],
        [
          5,
          25,
          50,
          32
        ]
      ],
      "classes": [
        "lying_down",
        "stationary",
        "walking",
        "running"
      ]
    },
    "TMS-16, 3-class": {
      "accuracy": 0.6393752999171138,
      "accuracy_ci": 0.027195321886484478,
      "kappa": 0.32245302421939415,
      "macro_f1": 0.5319933112542171,
      "critical_recall": 0.3956043956043956,
      "per_class": {
        "critical": {
          "p": 0.237,
          "r": 0.396,
          "f1": 0.296,
          "n": 91
        },
        "upright_stationary": {
          "p": 0.695,
          "r": 0.679,
          "f1": 0.687,
          "n": 1554
        },
        "mobile": {
          "p": 0.619,
          "r": 0.606,
          "f1": 0.613,
          "n": 1189
        }
      },
      "confusion": [
        [
          36,
          41,
          14
        ],
        [
          70,
          1055,
          429
        ],
        [
          46,
          422,
          721
        ]
      ],
      "classes": [
        "critical",
        "upright_stationary",
        "mobile"
      ]
    },
    "TMS-16+SCTE, 4-class": {
      "accuracy": 0.5878612248459127,
      "accuracy_ci": 0.016189257924171942,
      "kappa": 0.26017476718085386,
      "macro_f1": 0.45931276464657056,
      "critical_recall": 0.4945054945054945,
      "per_class": {
        "lying_down": {
          "p": 0.363,
          "r": 0.495,
          "f1": 0.419,
          "n": 91
        },
        "stationary": {
          "p": 0.68,
          "r": 0.677,
          "f1": 0.678,
          "n": 1554
        },
        "walking": {
          "p": 0.519,
          "r": 0.504,
          "f1": 0.511,
          "n": 1077
        },
        "running": {
          "p": 0.226,
          "r": 0.232,
          "f1": 0.229,
          "n": 112
        }
      },
      "confusion": [
        [
          45,
          26,
          18,
          2
        ],
        [
          46,
          1052,
          433,
          23
        ],
        [
          30,
          440,
          543,
          64
        ],
        [
          3,
          30,
          53,
          26
        ]
      ],
      "classes": [
        "lying_down",
        "stationary",
        "walking",
        "running"
      ]
    },
    "TMS-16+SCTE, 3-class": {
      "accuracy": 0.637964988377238,
      "accuracy_ci": 0.028240745797307034,
      "kappa": 0.31482064046725455,
      "macro_f1": 0.5787701889129078,
      "critical_recall": 0.5714285714285714,
      "per_class": {
        "critical": {
          "p": 0.382,
          "r": 0.571,
          "f1": 0.458,
          "n": 91
        },
        "upright_stationary": {
          "p": 0.684,
          "r": 0.684,
          "f1": 0.684,
          "n": 1554
        },
        "mobile": {
          "p": 0.606,
          "r": 0.583,
          "f1": 0.594,
          "n": 1189
        }
      },
      "confusion": [
        [
          52,
          26,
          13
        ],
        [
          54,
          1063,
          437
        ],
        [
          30,
          466,
          693
        ]
      ],
      "classes": [
        "critical",
        "upright_stationary",
        "mobile"
      ]
    }
  },
  "ranking": {
    "3_class": {
      "ndcg3": 1.0,
      "ndcg5": 1.0,
      "critical_recall3": 1.0,
      "n_scenes_with_critical": 56
    },
    "4_class": {
      "ndcg3": 1.0,
      "ndcg5": 1.0,
      "lying_recall3": 1.0,
      "n_scenes_with_lying": 56
    }
  }
}