{
  "bins": {
    "<20px": {
      "valid": 238,
      "failed": 0,
      "features": {
        "Net displacement": {
          "mean": 200.79140596309344,
          "std": 180.98658589673852
        },
        "Mean speed": {
          "mean": 2.6579076543726483,
          "std": 2.200977103849459
        },
        "Speed CV": {
          "mean": 0.9893057743930399,
          "std": 0.7345370868153566
        },
        "Max acceleration": {
          "mean": 11.457020923336644,
          "std": 31.804434797855826
        },
        "Vertical dominance": {
          "mean": 0.32937891051742213,
          "std": 0.21640847067243557
        },
        "Direction change rate": {
          "mean": 0.5655520364197802,
          "std": 0.42385219377022315
        },
        "Stationarity ratio": {
          "mean": 0.21367167385910113,
          "std": 0.24696526522523812
        },
        "Aspect ratio change": {
          "mean": 0.19251324483524998,
          "std": 0.14767168907353873
        },
        "Speed decay": {
          "mean": -0.023374681759485306,
          "std": 0.09827844706816076
        },
        "Oscillation index": {
          "mean": 0.08209599542487257,
          "std": 0.11568962346061763
        },
        "Mean aspect ratio": {
          "mean": 0.5939158698394262,
          "std": 0.19083713346875503
        },
        "Mean normalised size": {
          "mean": 1.078119674965468,
          "std": 0.13495885149378592
        }
      }
    },
    "20-35px": {
      "valid": 324,
      "failed": 0,
      "features": {
        "Net displacement": {
          "mean": 308.0871664840869,
          "std": 308.1266286746796
        },
        "Mean speed": {
          "mean": 3.764893449165962,
          "std": 3.330341078668811
        },
        "Speed CV": {
          "mean": 1.038448737375205,
          "std": 0.7377394612666462
        },
        "Max acceleration": {
          "mean": 22.36614968043495,
          "std": 63.79815852263797
        },
        "Vertical dominance": {
          "mean": 0.2999239447028586,
          "std": 0.19894752662100212
        },
        "Direction change rate": {
          "mean": 0.47909225944901396,
          "std": 0.34335620231111963
        },
        "Stationarity ratio": {
          "mean": 0.18632340141576442,
          "std": 0.22082685924218587
        },
        "Aspect ratio change": {
          "mean": 0.20319749483643557,
          "std": 0.1817434483225161
        },
        "Speed decay": {
          "mean": -0.031319490148779286,
          "std": 0.145693582565645
        },
        "Oscillation index": {
          "mean": 0.08698717313755841,
          "std": 0.10121868472161401
        },
        "Mean aspect ratio": {
          "mean": 0.5225179658956247,
          "std": 0.16456565255192723
        },
        "Mean normalised size": {
          "mean": 1.0516486527507958,
          "std": 0.17525407210018823
        }
      }
    },
    "35-50px": {
      "valid": 126,
      "failed": 0,
      "features": {
        "Net displacement": {
          "mean": 296.15297219756457,
          "std": 329.9973731181776
        },
        "Mean speed": {
          "mean": 5.037228274181277,
          "std": 5.6945039703773785
        },
        "Speed CV": {
          "mean": 0.8122789612876188,
          "std": 0.5704118026318524
        },
        "Max acceleration": {
          "mean": 10.582894678174865,
          "std": 14.906372539965549
        },
        "Vertical dominance": {
          "mean": 0.3526173588652353,
          "std": 0.18993169820177308
        },
        "Direction change rate": {
          "mean": 0.4484955234336721,
          "std": 0.3383585014894755
        },
        "Stationarity ratio": {
          "mean": 0.15472752961753594,
          "std": 0.203359451541343
        },
        "Aspect ratio change": {
          "mean": 0.20140527714205075,
          "std": 0.17968885458606257
        },
        "Speed decay": {
          "mean": -0.021336122835575476,
          "std": 0.22828030084723472
        },
        "Oscillation index": {
          "mean": 0.051524604280448326,
          "std": 0.06223192370605997
        },
        "Mean aspect ratio": {
          "mean": 0.497474178290121,
          "std": 0.13899718916504508
        },
        "Mean normalised size": {
          "mean": 1.088392811471463,
          "std": 0.22489737242423669
        }
      }
    },
    "50-75px": {
      "valid": 96,
      "failed": 0,
      "features": {
        "Net displacement": {
          "mean": 417.1538182688412,
          "std": 331.23716048634986
        },
        "Mean speed": {
          "mean": 5.147833912365053,
          "std": 5.221185351048742
        },
        "Speed CV": {
          "mean": 0.8196226969343399,
          "std": 0.7188863571077735
        },
        "Max acceleration": {
          "mean": 17.758557744983598,
          "std": 56.82215744205714
        },
        "Vertical dominance": {
          "mean": 0.3619968039980221,
          "std": 0.16256600656933945
        },
        "Direction change rate": {
          "mean": 0.36412220666839906,
          "std": 0.2257451503849033
        },
        "Stationarity ratio": {
          "mean": 0.11204397269846754,
          "std": 0.1412957681583634
        },
        "Aspect ratio change": {
          "mean": 0.4810988354918242,
          "std": 0.6206893986303085
        },
        "Speed decay": {
          "mean": -0.06717342396434278,
          "std": 0.48914839166562685
        },
        "Oscillation index": {
          "mean": 0.0472873963468641,
          "std": 0.07165091303836489
        },
        "Mean aspect ratio": {
          "mean": 0.4604219560054364,
          "std": 0.12432874933749567
        },
        "Mean normalised size": {
          "mean": 1.3005335409482133,
          "std": 0.3218055551247202
        }
      }
    },
    ">75px": {
      "valid": 103,
      "failed": 0,
      "features": {
        "Net displacement": {
          "mean": 622.5304298847166,
          "std": 495.94799365582594
        },
        "Mean speed": {
          "mean": 6.647661059474071,
          "std": 4.537411490514512
        },
        "Speed CV": {
          "mean": 0.48726535708869817,
          "std": 0.4699259130537222
        },
        "Max acceleration": {
          "mean": 16.899424687002032,
          "std": 61.43779944922813
        },
        "Vertical dominance": {
          "mean": 0.3037778919730903,
          "std": 0.19827098575182148
        },
        "Direction change rate": {
          "mean": 0.20825767324928085,
          "std": 0.1963739631059836
        },
        "Stationarity ratio": {
          "mean": 0.04192408392138399,
          "std": 0.10926179555405999
        },
        "Aspect ratio change": {
          "mean": 0.5698349987779625,
          "std": 0.946521913669502
        },
        "Speed decay": {
          "mean": -0.07613987414117991,
          "std": 0.3865768209790017
        },
        "Oscillation index": {
          "mean": 0.04827578692592467,
          "std": 0.05882550320434183
        },
        "Mean aspect ratio": {
          "mean": 0.47529346466891165,
          "std": 0.14322912882066105
        },
        "Mean normalised size": {
          "mean": 1.1359408570048646,
          "std": 0.24301394468358298
        }
      }
    }
  },
  "ks_test_50_75px": {
    "Net displacement": {
      "stat": 0.139969646799117,
      "pval": 0.06992939530006015
    },
    "Mean speed": {
      "stat": 0.11051324503311258,
      "pval": 0.24335795071673935
    },
    "Speed CV": {
      "stat": 0.2534492273730684,
      "pval": 3.5474577393118146e-05
    },
    "Max acceleration": {
      "stat": 0.22661423841059603,
      "pval": 0.0003198405862981465
    },
    "Vertical dominance": {
      "stat": 0.14873068432671083,
      "pval": 0.04558884803599399
    },
    "Direction change rate": {
      "stat": 0.26793598233995586,