{
  "TMS-12 + RF": {
    "accuracy": 0.5914004025900375,
    "accuracy_ci": 0.03346858865811985,
    "lying_recall": 0.3956043956043956,
    "kappa": 0.2798800581437357,
    "report": {
      "lying_down": {
        "precision": 0.2155688622754491,
        "recall": 0.3956043956043956,
        "f1-score": 0.27906976744186046,
        "support": 91.0
      },
      "stationary": {
        "precision": 0.6967047747141897,
        "recall": 0.6666666666666666,
        "f1-score": 0.6813548174942453,
        "support": 1554.0
      },
      "walking": {
        "precision": 0.5464895635673624,
        "recall": 0.5348189415041783,
        "f1-score": 0.5405912717034256,
        "support": 1077.0
      },
      "running": {
        "precision": 0.2222222222222222,
        "recall": 0.25,
        "f1-score": 0.23529411764705882,
        "support": 112.0
      },
      "accuracy": 0.5913902611150318,
      "macro avg": {
        "precision": 0.42024635569480584,
        "recall": 0.46177250094381017,
        "f1-score": 0.43407749357164754,
        "support": 2834.0
      },
      "weighted avg": {
        "precision": 0.6054178317656509,
        "recall": 0.5913902611150318,
        "f1-score": 0.5973149174397764,
        "support": 2834.0
      }
    }
  },
  "TMS-16 + RF": {
    "accuracy": 0.6033945943251008,
    "accuracy_ci": 0.022297342654059277,
    "lying_recall": 0.4065934065934066,
    "kappa": 0.2953153571573009,
    "report": {
      "lying_down": {
        "precision": 0.24183006535947713,
        "recall": 0.4065934065934066,
        "f1-score": 0.30327868852459017,
        "support": 91.0
      },
      "stationary": {
        "precision": 0.6972295514511874,
        "recall": 0.6801801801801802,
        "f1-score": 0.6885993485342019,
        "support": 1554.0
      },
      "walking": {
        "precision": 0.5572519083969466,
        "recall": 0.542246982358403,
        "f1-score": 0.5496470588235294,
        "support": 1077.0
      },
      "running": {
        "precision": 0.27350427350427353,
        "recall": 0.2857142857142857,
        "f1-score": 0.2794759825327511,
        "support": 112.0
      },
      "accuracy": 0.6033874382498235,
      "macro avg": {
        "precision": 0.44245394967797114,
        "recall": 0.4786837137115688,
        "f1-score": 0.45525026960376813,
        "support": 2834.0
      },
      "weighted avg": {
        "precision": 0.6126655056029807,
        "recall": 0.6033874382498235,
        "f1-score": 0.6072522726444942,
        "support": 2834.0
      }
    }
  },
  "TMS-16 + GBM": {
    "accuracy": 0.5758614242713184,
    "accuracy_ci": 0.017850713440711888,
    "lying_recall": 0.37362637362637363,
    "kappa": 0.25685120613584794,
    "report": {
      "lying_down": {
        "precision": 0.22666666666666666,
        "recall": 0.37362637362637363,
        "f1-score": 0.2821576763485477,
        "support": 91.0
      },
      "stationary": {
        "precision": 0.6850174216027874,
        "recall": 0.6325611325611326,
        "f1-score": 0.6577450652392104,
        "support": 1554.0
      },
      "walking": {
        "precision": 0.527651858567543,
        "recall": 0.5403899721448467,
        "f1-score": 0.5339449541284403,
        "support": 1077.0
      },
      "running": {
        "precision": 0.22602739726027396,
        "recall": 0.29464285714285715,
        "f1-score": 0.2558139534883721,
        "support": 112.0
      },
      "accuracy": 0.5758645024700071,
      "macro avg": {
        "precision": 0.41634083602431776,
        "recall": 0.46030508386880253,
        "f1-score": 0.43241541230114267,
        "support": 2834.0
      },
      "weighted avg": {
        "precision": 0.5923570430514441,
        "recall": 0.5758645024700071,
        "f1-score": 0.5827530198717287,
        "support": 2834.0
      }
    }
  }
}