{
  "pretrain": {
    "n_tracks": 2834,
    "epochs": 50,
    "final_loss": 6.011985963041132,
    "time_s": 50.84445023536682
  },
  "finetune": {
    "best_acc": 0.5099882491186839,
    "time_s": 68.70907497406006,
    "report": {
      "critical": {
        "precision": 0.0,
        "recall": 0.0,
        "f1-score": 0.0,
        "support": 36.0
      },
      "upright_stationary": {
        "precision": 0.5376146788990825,
        "recall": 0.6569506726457399,
        "f1-score": 0.591321897073663,
        "support": 446.0
      },
      "mobile": {
        "precision": 0.46078431372549017,
        "recall": 0.3821138211382114,
        "f1-score": 0.4177777777777778,
        "support": 369.0
      },
      "accuracy": 0.5099882491186839,
      "macro avg": {
        "precision": 0.3327996642081909,
        "recall": 0.3463548312613171,
        "f1-score": 0.3363665582838136,
        "support": 851.0
      },
      "weighted avg": {
        "precision": 0.48155764812420293,
        "recall": 0.5099882491186839,
        "f1-score": 0.49105706944166116,
        "support": 851.0
      }
    }
  },
  "cv_comparison": {
    "TMS-16 RF": {
      "accuracy": 0.6393752999171138,
      "ci": 0.027195321886484478,
      "kappa": 0.32245302421939415,
      "critical_recall": 0.3956043956043956,
      "macro_f1": 0.5319933112542171
    },
    "TrajMAE FT": {
      "accuracy": 0.525414275119811,
      "ci": 0.04221100392569893,
      "kappa": 0.026866464214002295,
      "critical_recall": 0.0,
      "macro_f1": 0.3287945707005142
    },
    "TMS-16+TrajMAE RF": {
      "accuracy": 0.663728257956762,
      "ci": 0.0346682971101476,
      "kappa": 0.35607478663198133,
      "critical_recall": 0.3076923076923077,
      "macro_f1": 0.5487056484224966
    },
    "TMS+SCTE+MAE RF": {
      "accuracy": 0.6580770405269817,
      "ci": 0.0270671491819067,
      "kappa": 0.3483350680082752,
      "critical_recall": 0.46153846153846156,
      "macro_f1": 0.5787740433452636
    }
  },
  "training_curves": {
    "pretrain_losses": [
      36.82608565417203,
      30.35211433063854,
      27.32376928762956,
      23.884326241233133,
      21.105131127617575,
      18.59125187180259,
      16.938175894997336,
      15.337695717811584,
      14.097478400577199,
      13.136086518114263,
      12.200643945824016,
      11.653944221409885,
      10.698252071033824,
      10.817872697656805,
      10.669507877393203,
      10.10001729293303,
      9.66589869152416,
      9.177063676443966,
      9.018206450072201,
      8.85589234937321,
      8.256903940981084,
      7.9573422128503974,
      8.392753395167263,
      8.262215283784,
      7.695964087139476,
      7.384119776162234,
      7.181168946352872,
      7.077351944013075,
      6.809529667550867,
      6.6516025987538425,
      6.894946819001978,
      6.51180867173455,
      6.329356047240171,
      6.284241329539906,
      6.60974170403047,
      6.35792181708596,
      6.162856974385002,
      6.0013913403857835,
      6.138709528879686,
      6.452212160283869,
      6.1713970791209825,
      6.088712069121274,
      6.073397181250832,
      5.8630640506744385,
      6.1274574182250285,
      6.601403642784465,
      6.118925910104405,
      6.19109433889389,
      6.222798878496343,
      6.011985963041132
    ],
    "finetune_losses": [
      1.095406916833693,
      1.090893235898787,
      1.0874199790339316,
      1.0879558574768804,
      1.093006852173036,
      1.084353780554187,
      1.081261476201396,
      1.0799004445152898,
      1.084246357602458,
      1.0859865796181463,
      1.083804642000506,
      1.0781044104406912,
      1.0798249331212812,
      1.0772219675202523,
      1.076702771648284,
      1.0789541563680094,
      1.086656532941326,
      1.0837323934801164,
      1.0784701801115466,
      1.07961644761024,
      1.087305906318849,
      1.0784443655321676,
      1.081010619478841,
      1.079555098087557,
      1.0696484215797917,
      1.0854217237041843,
      1.0905205395913893,
      1.0857204891020251,
      1.0825294083164585,
      1.0838404634306509
    ],
    "finetune_accs": [
      0.4782608695652174,
      0.4735605170387779,
      0.4994124559341951,
      0.5017626321974148,
      0.49471210340775557,
      0.5064629847238543,
      0.4994124559341951,
      0.5076380728554641,
      0.5041128084606346,
      0.5017626321974148,
      0.5076380728554641,
      0.5099882491186839,
      0.5052878965922444,
      0.5052878965922444,
      0.5099882491186839,
      0.5041128084606346,
      0.5029377203290247,
      0.5064629847238543,
      0.5029377203290247,
      0.4982373678025852,
      0.4994124559341951,
      0.4982373678025852,
      0.4970622796709753,
      0.4970622796709753,
      0.4982373678025852,
      0.4982373678025852,
      0.4982373678025852,
      0.4982373678025852,
      0.4982373678025852,
      0.4982373678025852
    ]
  }
}