{
  "track_a": {
    "pretrained_accuracy": 0.245593419506463,
    "scratch_accuracy": 0.2491186839012926,
    "kappa": 0.06094049986507322,
    "report": {
      "lying_down": {
        "precision": 0.04473684210526316,
        "recall": 0.4722222222222222,
        "f1-score": 0.08173076923076923,
        "support": 36.0
      },
      "stationary": {
        "precision": 0.632183908045977,
        "recall": 0.12331838565022421,
        "f1-score": 0.20637898686679174,
        "support": 446.0
      },
      "walking": {
        "precision": 0.4573643410852713,
        "recall": 0.3586626139817629,
        "f1-score": 0.4020442930153322,
        "support": 329.0
      },
      "running": {
        "precision": 0.15079365079365079,
        "recall": 0.475,
        "f1-score": 0.2289156626506024,
        "support": 40.0
      },
      "accuracy": 0.245593419506463,
      "macro avg": {
        "precision": 0.32126968550754054,
        "recall": 0.35730080546355236,
        "f1-score": 0.22976742794087388,
        "support": 851.0
      },
      "weighted avg": {
        "precision": 0.5171200511787256,
        "recall": 0.245593419506463,
        "f1-score": 0.2778102640927911,
        "support": 851.0
      }
    },
    "confusion_matrix": [
      [
        17,
        1,
        13,
        5
      ],
      [
        223,
        55,
        115,
        53
      ],
      [
        134,
        28,
        118,
        49
      ],
      [
        6,
        3,
        12,
        19
      ]
    ],
    "size_bins": {
      "<50px": {
        "n": 23,
        "accuracy": 0.043478260869565216
      },
      "50-75px": {
        "n": 164,
        "accuracy": 0.25609756097560976
      },
      "75-100px": {
        "n": 319,
        "accuracy": 0.21630094043887146
      },
      ">100px": {
        "n": 345,
        "accuracy": 0.2811594202898551
      }
    },
    "pretrain_time_s": 83.00395202636719,
    "finetune_time_s": 36.0098021030426,
    "pretrain_losses": [
      0.414315269390742,
      0.2721446951230367,
      0.24227186540762582,
      0.22816558480262755,
      0.23207269310951234,
      0.21800317764282226,
      0.21485375662644704,
      0.19770713051160177,
      0.17948602984348933,
      0.1668740878502528,
      0.15267032384872437,
      0.14183331976334254,
      0.14775170336167018,
      0.14021759579579035,
      0.13899428298075994,
      0.1240932231148084,
      0.1289623240629832,
      0.12588570266962051,
      0.10555465742945672,
      0.10698266675074895,
      0.11090378910303116,
      0.10304445574680964,
      0.10354902098576228,
      0.09467478295167288,
      0.09972710584600766,
      0.1031697154045105,
      0.095544712493817,
      0.09589788715044657,
      0.10092700148622195,
      0.09997016241153081
    ],
    "n_train": 1983,
    "n_test": 851,
    "n_unlabelled": 3775
  },
  "track_b": {
    "5": {
      "pretrained": {
        "mean": 0.2878965922444183,
        "std": 0.12641166802653805
      },
      "scratch": {
        "mean": 0.26361143752448096,
        "std": 0.06962720831092606
      },
      "rf": {
        "mean": 0.3200156678417548,
        "std": 0.027143151020870206
      }
    },
    "10": {
      "pretrained": {
        "mean": 0.30943987465726597,
        "std": 0.08542027720673678
      },
      "scratch": {
        "mean": 0.29259694477085785,
        "std": 0.08319646101488447
      },
      "rf": {
        "mean": 0.3200156678417548,
        "std": 0.021288959250608988
      }
    },
    "20": {
      "pretrained": {
        "mean": 0.2311006658832746,
        "std": 0.06426441812003665
      },
      "scratch": {
        "mean": 0.2922052487269879,
        "std": 0.042954610462217796
      },
      "rf": {
        "mean": 0.36231884057971014,
        "std": 0.02128895925060901
      }
    },
    "50": {
      "pretrained": {
        "mean": 0.3227575401488445,
        "std": 0.026870462806333716
      },
      "scratch": {
        "mean": 0.20916568742655697,
        "std": 0.03763952380269558
      },
      "rf": {
        "mean": 0.37837837837837834,
        "std": 0.022316364329407153
      }
    },
    "100": {
      "pretrained": {
        "mean": 0.26047786917352134,
        "std": 0.06094115761701922
      },
      "scratch": {
        "mean": 0.26948687818253036,
        "std": 0.03878779839616806
      },
      "rf": {
        "mean": 0.46415981198589895,
        "std": 0.023442934598425384
      }
    },
    "ALL": {
      "pretrained": {
        "mean": 0.29612220916568743,
        "std": 0.02936936832456797
      },
      "scratch": {
        "mean": 0.21308264786525655,
        "std": 0.05748197830895149
      },
      "rf": {
        "mean": 0.600470035252644,
        "std": 0.010684043632578029
      }
    }
  }
}