{
  "HERIDAL": {
    "model": "HERIDAL-finetuned",
    "precision": 0.08630952380920272,
    "recall": 0.15006468305206944,
    "f1": 0.10958903645912085,
    "tp": 232,
    "fp": 2456,
    "fn": 1314,
    "n_frames": 300,
    "ms_per_frame": 93.65655819574992,
    "size_recall": {
      "<50": {
        "recall": 0.15977961432396848,
        "total": 1452,
        "tp": 232
      },
      "50-75": {
        "recall": 0.0,
        "total": 93,
        "tp": 0
      },
      "75-100": {
        "recall": 0.0,
        "total": 1,
        "tp": 0
      },
      ">100": {
        "recall": 0.0,
        "total": 0,
        "tp": 0
      }
    }
  },
  "COCO-YOLO11n": {
    "model": "COCO-YOLO11n",
    "precision": 0.34510869565029834,
    "recall": 0.41073738680200045,
    "f1": 0.3750738284672581,
    "tp": 635,
    "fp": 1205,
    "fn": 911,
    "n_frames": 300,
    "ms_per_frame": 98.81117184956868,
    "size_recall": {
      "<50": {
        "recall": 0.396005509639146,
        "total": 1452,
        "tp": 575
      },
      "50-75": {
        "recall": 0.6344086020823217,
        "total": 93,
        "tp": 59
      },
      "75-100": {
        "recall": 0.9999999900000002,
        "total": 1,
        "tp": 1
      },
      ">100": {
        "recall": 0.0,
        "total": 0,
        "tp": 0
      }
    }
  },
  "COCO-YOLOv8n": {
    "model": "COCO-YOLOv8n",
    "precision": 0.38275636838417537,
    "recall": 0.3790426908125547,
    "f1": 0.3808904727356997,
    "tp": 586,
    "fp": 945,
    "fn": 960,
    "n_frames": 300,
    "ms_per_frame": 92.44219859441122,
    "size_recall": {
      "<50": {
        "recall": 0.37190082644371975,
        "total": 1452,
        "tp": 540
      },
      "50-75": {
        "recall": 0.4838709676899064,
        "total": 93,
        "tp": 45
      },
      "75-100": {
        "recall": 0.9999999900000002,
        "total": 1,
        "tp": 1
      },
      ">100": {
        "recall": 0.0,
        "total": 0,
        "tp": 0
      }
    }
  },
  "COCO-YOLO11n-c25": {
    "model": "COCO-YOLO11n-c25",
    "precision": 0.5332496863170232,
    "recall": 0.2749029754186617,
    "f1": 0.36278275265682014,
    "tp": 425,
    "fp": 372,
    "fn": 1121,
    "n_frames": 300,
    "ms_per_frame": 101.05170567830403,
    "size_recall": {
      "<50": {
        "recall": 0.25895316804229374,
        "total": 1452,
        "tp": 376
      },
      "50-75": {
        "recall": 0.5161290322025668,
        "total": 93,
        "tp": 48
      },
      "75-100": {
        "recall": 0.9999999900000002,
        "total": 1,
        "tp": 1
      },
      ">100": {
        "recall": 0.0,
        "total": 0,
        "tp": 0
      }
    }
  },
  "n_frames": 300,
  "total_gt": 1546,
  "gt_size_dist": {
    "<50": 1452,
    "50-75": 93,
    "75-100": 1,
    ">100": 0
  }
}