{
  "Standard YOLO": {
    "precision": 0.15413533834586465,
    "recall": 0.08055009823182711,
    "f1": 0.10580645161290322,
    "time_ms": 81.20547192437309,
    "bins": {
      "<50px": 0.08779443254817987,
      "50-75px": 0.0,
      "75-100px": 0.0,
      ">100px": 0
    },
    "bin_counts": {
      "<50px": 1401,
      "50-75px": 104,
      "75-100px": 22,
      ">100px": 0
    }
  },
  "SAHI YOLO": {
    "precision": 0.1521472392638037,
    "recall": 0.08120497707924033,
    "f1": 0.10589239965841162,
    "time_ms": 188.24794803346907,
    "bins": {
      "<50px": 0.08850820842255532,
      "50-75px": 0.0,
      "75-100px": 0.0,
      ">100px": 0
    },
    "bin_counts": {
      "<50px": 1401,
      "50-75px": 104,
      "75-100px": 22,
      ">100px": 0
    }
  },
  "total_frames": 280
}